amostra,regra,proposicao,valor_velocidade_vento,conjunto_velocidade_vento,pertinencia_velocidade_vento,valor_umidade_relativa,conjunto_umidade_relativa,pertinencia_umidade_relativa,valor_vibracao_torre,conjunto_vibracao_torre,pertinencia_vibracao_torre,forca_ativacao,risco_fadiga
1,1,SE velocidade_vento É baixa E umidade_relativa É muito_baixa E vibracao_torre É baixa ENTÃO risco_fadiga É muito_baixo,5.2,baixa,0.9333333333333332,18.0,muito_baixa,0.6,0.8,baixa,1.0,0.5986295174174946,muito_baixo
1,2,SE velocidade_vento É baixa E umidade_relativa É baixa E vibracao_torre É baixa ENTÃO risco_fadiga É muito_baixo,5.2,baixa,0.9333333333333332,18.0,baixa,0.0,0.8,baixa,1.0,0.0,muito_baixo
1,3,SE velocidade_vento É baixa E umidade_relativa É moderada E vibracao_torre É baixa ENTÃO risco_fadiga É baixo,5.2,baixa,0.9333333333333332,18.0,moderada,0.0,0.8,baixa,1.0,0.0,baixo
1,4,SE velocidade_vento É baixa E umidade_relativa É alta E vibracao_torre É baixa ENTÃO risco_fadiga É baixo,5.2,baixa,0.9333333333333332,18.0,alta,0.0,0.8,baixa,1.0,0.0,baixo
1,5,SE velocidade_vento É baixa E umidade_relativa É altissima E vibracao_torre É baixa ENTÃO risco_fadiga É moderado,5.2,baixa,0.9333333333333332,18.0,altissima,0.0,0.8,baixa,1.0,0.0,moderado
1,6,SE velocidade_vento É media E umidade_relativa É muito_baixa E vibracao_torre É baixa ENTÃO risco_fadiga É baixo,5.2,media,0.0,18.0,muito_baixa,0.6,0.8,baixa,1.0,0.0,baixo
1,7,SE velocidade_vento É media E umidade_relativa É baixa E vibracao_torre É baixa ENTÃO risco_fadiga É baixo,5.2,media,0.0,18.0,baixa,0.0,0.8,baixa,1.0,0.0,baixo
1,8,SE velocidade_vento É media E umidade_relativa É moderada E vibracao_torre É media ENTÃO risco_fadiga É moderado,5.2,media,0.0,18.0,moderada,0.0,0.8,media,0.0,0.0,moderado
1,9,SE velocidade_vento É media E umidade_relativa É alta E vibracao_torre É media ENTÃO risco_fadiga É moderado,5.2,media,0.0,18.0,alta,0.0,0.8,media,0.0,0.0,moderado
1,10,SE velocidade_vento É media E umidade_relativa É altissima E vibracao_torre É media ENTÃO risco_fadiga É alto,5.2,media,0.0,18.0,altissima,0.0,0.8,media,0.0,0.0,alto
1,11,SE velocidade_vento É media_alta E umidade_relativa É muito_baixa E vibracao_torre É media ENTÃO risco_fadiga É moderado,5.2,media_alta,0.0,18.0,muito_baixa,0.6,0.8,media,0.0,0.0,moderado
1,12,SE velocidade_vento É media_alta E umidade_relativa É baixa E vibracao_torre É media ENTÃO risco_fadiga É moderado,5.2,media_alta,0.0,18.0,baixa,0.0,0.8,media,0.0,0.0,moderado
1,13,SE velocidade_vento É media_alta E umidade_relativa É moderada E vibracao_torre É media_alta ENTÃO risco_fadiga É alto,5.2,media_alta,0.0,18.0,moderada,0.0,0.8,media_alta,0.0,0.0,alto
1,14,SE velocidade_vento É media_alta E umidade_relativa É alta E vibracao_torre É media_alta ENTÃO risco_fadiga É alto,5.2,media_alta,0.0,18.0,alta,0.0,0.8,media_alta,0.0,0.0,alto
1,15,SE velocidade_vento É media_alta E umidade_relativa É altissima E vibracao_torre É media_alta ENTÃO risco_fadiga É altissimo,5.2,media_alta,0.0,18.0,altissima,0.0,0.8,media_alta,0.0,0.0,altissimo
1,16,SE velocidade_vento É alta E umidade_relativa É muito_baixa E vibracao_torre É media ENTÃO risco_fadiga É moderado,5.2,alta,0.0,18.0,muito_baixa,0.6,0.8,media,0.0,0.0,moderado
1,17,SE velocidade_vento É alta E umidade_relativa É baixa E vibracao_torre É media_alta ENTÃO risco_fadiga É alto,5.2,alta,0.0,18.0,baixa,0.0,0.8,media_alta,0.0,0.0,alto
1,18,SE velocidade_vento É alta E umidade_relativa É moderada E vibracao_torre É media_alta ENTÃO risco_fadiga É alto,5.2,alta,0.0,18.0,moderada,0.0,0.8,media_alta,0.0,0.0,alto
1,19,SE velocidade_vento É alta E umidade_relativa É alta E vibracao_torre É alta ENTÃO risco_fadiga É altissimo,5.2,alta,0.0,18.0,alta,0.0,0.8,alta,0.0,0.0,altissimo
1,20,SE velocidade_vento É alta E umidade_relativa É altissima E vibracao_torre É alta ENTÃO risco_fadiga É altissimo,5.2,alta,0.0,18.0,altissima,0.0,0.8,alta,0.0,0.0,altissimo
1,21,SE velocidade_vento É altissimo E umidade_relativa É muito_baixa E vibracao_torre É media_alta ENTÃO risco_fadiga É alto,5.2,altissimo,0.0,18.0,muito_baixa,0.6,0.8,media_alta,0.0,0.0,alto
1,22,SE velocidade_vento É altissimo E umidade_relativa É baixa E vibracao_torre É media_alta ENTÃO risco_fadiga É alto,5.2,altissimo,0.0,18.0,baixa,0.0,0.8,media_alta,0.0,0.0,alto
1,23,SE velocidade_vento É altissimo E umidade_relativa É moderada E vibracao_torre É alta ENTÃO risco_fadiga É altissimo,5.2,altissimo,0.0,18.0,moderada,0.0,0.8,alta,0.0,0.0,altissimo
1,24,SE velocidade_vento É altissimo E umidade_relativa É alta E vibracao_torre É alta ENTÃO risco_fadiga É altissimo,5.2,altissimo,0.0,18.0,alta,0.0,0.8,alta,0.0,0.0,altissimo
1,25,SE velocidade_vento É altissimo E umidade_relativa É altissima E vibracao_torre É altissimo ENTÃO risco_fadiga É altissimo,5.2,altissimo,0.0,18.0,altissima,0.0,0.8,altissimo,0.0,0.0,altissimo
1,26,SE velocidade_vento É baixa E umidade_relativa É altissima E vibracao_torre É altissimo ENTÃO risco_fadiga É altissimo,5.2,baixa,0.9333333333333332,18.0,altissima,0.0,0.8,altissimo,0.0,0.0,altissimo
1,27,SE velocidade_vento É media E umidade_relativa É alta E vibracao_torre É altissimo ENTÃO risco_fadiga É altissimo,5.2,media,0.0,18.0,alta,0.0,0.8,altissimo,0.0,0.0,altissimo
1,28,SE velocidade_vento É media_alta E umidade_relativa É baixa E vibracao_torre É altissimo ENTÃO risco_fadiga É altissimo,5.2,media_alta,0.0,18.0,baixa,0.0,0.8,altissimo,0.0,0.0,altissimo
1,29,SE velocidade_vento É alta E umidade_relativa É muito_baixa E vibracao_torre É altissimo ENTÃO risco_fadiga É altissimo,5.2,alta,0.0,18.0,muito_baixa,0.6,0.8,altissimo,0.0,0.0,altissimo
1,30,SE velocidade_vento É baixa E umidade_relativa É moderada E vibracao_torre É media_alta ENTÃO risco_fadiga É moderado,5.2,baixa,0.9333333333333332,18.0,moderada,0.0,0.8,media_alta,0.0,0.0,moderado
2,1,SE velocidade_vento É baixa E umidade_relativa É muito_baixa E vibracao_torre É baixa ENTÃO risco_fadiga É muito_baixo,7.5,baixa,0.16666666666666666,35.0,muito_baixa,0.0,1.9,baixa,0.10000000000000009,0.0,muito_baixo
2,2,SE velocidade_vento É baixa E umidade_relativa É baixa E vibracao_torre É baixa ENTÃO risco_fadiga É muito_baixo,7.5,baixa,0.16666666666666666,35.0,baixa,1.0,1.9,baixa,0.10000000000000009,0.08852981086654291,muito_baixo
2,3,SE velocidade_vento É baixa E umidade_relativa É moderada E vibracao_torre É baixa ENTÃO risco_fadiga É baixo,7.5,baixa,0.16666666666666666,35.0,moderada,0.0,1.9,baixa,0.10000000000000009,0.0,baixo
2,4,SE velocidade_vento É baixa E umidade_relativa É alta E vibracao_torre É baixa ENTÃO risco_fadiga É baixo,7.5,baixa,0.16666666666666666,35.0,alta,0.0,1.9,baixa,0.10000000000000009,0.0,baixo
2,5,SE velocidade_vento É baixa E umidade_relativa É altissima E vibracao_torre É baixa ENTÃO risco_fadiga É moderado,7.5,baixa,0.16666666666666666,35.0,altissima,0.0,1.9,baixa,0.10000000000000009,0.0,moderado
2,6,SE velocidade_vento É media E umidade_relativa É muito_baixa E vibracao_torre É baixa ENTÃO risco_fadiga É baixo,7.5,media,0.375,35.0,muito_baixa,0.0,1.9,baixa,0.10000000000000009,0.0,baixo
2,7,SE velocidade_vento É media E umidade_relativa É baixa E vibracao_torre É baixa ENTÃO risco_fadiga É baixo,7.5,media,0.375,35.0,baixa,1.0,1.9,baixa,0.10000000000000009,0.09849286081406168,baixo
2,8,SE velocidade_vento É media E umidade_relativa É moderada E vibracao_torre É media ENTÃO risco_fadiga É moderado,7.5,media,0.375,35.0,moderada,0.0,1.9,media,0.31999999999999995,0.0,moderado
2,9,SE velocidade_vento É media E umidade_relativa É alta E vibracao_torre É media ENTÃO risco_fadiga É moderado,7.5,media,0.375,35.0,alta,0.0,1.9,media,0.31999999999999995,0.0,moderado
2,10,SE velocidade_vento É media E umidade_relativa É altissima E vibracao_torre É media ENTÃO risco_fadiga É alto,7.5,media,0.375,35.0,altissima,0.0,1.9,media,0.31999999999999995,0.0,alto
2,11,SE velocidade_vento É media_alta E umidade_relativa É muito_baixa E vibracao_torre É media ENTÃO risco_fadiga É moderado,7.5,media_alta,0.0,35.0,muito_baixa,0.0,1.9,media,0.31999999999999995,0.0,moderado
2,12,SE velocidade_vento É media_alta E umidade_relativa É baixa E vibracao_torre É media ENTÃO risco_fadiga É moderado,7.5,media_alta,0.0,35.0,baixa,1.0,1.9,media,0.31999999999999995,0.0,moderado
2,13,SE velocidade_vento É media_alta E umidade_relativa É moderada E vibracao_torre É media_alta ENTÃO risco_fadiga É alto,7.5,media_alta,0.0,35.0,moderada,0.0,1.9,media_alta,0.0,0.0,alto
2,14,SE velocidade_vento É media_alta E umidade_relativa É alta E vibracao_torre É media_alta ENTÃO risco_fadiga É alto,7.5,media_alta,0.0,35.0,alta,0.0,1.9,media_alta,0.0,0.0,alto
2,15,SE velocidade_vento É media_alta E umidade_relativa É altissima E vibracao_torre É media_alta ENTÃO risco_fadiga É altissimo,7.5,media_alta,0.0,35.0,altissima,0.0,1.9,media_alta,0.0,0.0,altissimo
2,16,SE velocidade_vento É alta E umidade_relativa É muito_baixa E vibracao_torre É media ENTÃO risco_fadiga É moderado,7.5,alta,0.0,35.0,muito_baixa,0.0,1.9,media,0.31999999999999995,0.0,moderado
2,17,SE velocidade_vento É alta E umidade_relativa É baixa E vibracao_torre É media_alta ENTÃO risco_fadiga É alto,7.5,alta,0.0,35.0,baixa,1.0,1.9,media_alta,0.0,0.0,alto
2,18,SE velocidade_vento É alta E umidade_relativa É moderada E vibracao_torre É media_alta ENTÃO risco_fadiga É alto,7.5,alta,0.0,35.0,moderada,0.0,1.9,media_alta,0.0,0.0,alto
2,19,SE velocidade_vento É alta E umidade_relativa É alta E vibracao_torre É alta ENTÃO risco_fadiga É altissimo,7.5,alta,0.0,35.0,alta,0.0,1.9,alta,0.0,0.0,altissimo
2,20,SE velocidade_vento É alta E umidade_relativa É altissima E vibracao_torre É alta ENTÃO risco_fadiga É altissimo,7.5,alta,0.0,35.0,altissima,0.0,1.9,alta,0.0,0.0,altissimo
2,21,SE velocidade_vento É altissimo E umidade_relativa É muito_baixa E vibracao_torre É media_alta ENTÃO risco_fadiga É alto,7.5,altissimo,0.0,35.0,muito_baixa,0.0,1.9,media_alta,0.0,0.0,alto
2,22,SE velocidade_vento É altissimo E umidade_relativa É baixa E vibracao_torre É media_alta ENTÃO risco_fadiga É alto,7.5,altissimo,0.0,35.0,baixa,1.0,1.9,media_alta,0.0,0.0,alto
2,23,SE velocidade_vento É altissimo E umidade_relativa É moderada E vibracao_torre É alta ENTÃO risco_fadiga É altissimo,7.5,altissimo,0.0,35.0,moderada,0.0,1.9,alta,0.0,0.0,altissimo
2,24,SE velocidade_vento É altissimo E umidade_relativa É alta E vibracao_torre É alta ENTÃO risco_fadiga É altissimo,7.5,altissimo,0.0,35.0,alta,0.0,1.9,alta,0.0,0.0,altissimo
2,25,SE velocidade_vento É altissimo E umidade_relativa É altissima E vibracao_torre É altissimo ENTÃO risco_fadiga É altissimo,7.5,altissimo,0.0,35.0,altissima,0.0,1.9,altissimo,0.0,0.0,altissimo
2,26,SE velocidade_vento É baixa E umidade_relativa É altissima E vibracao_torre É altissimo ENTÃO risco_fadiga É altissimo,7.5,baixa,0.16666666666666666,35.0,altissima,0.0,1.9,altissimo,0.0,0.0,altissimo
2,27,SE velocidade_vento É media E umidade_relativa É alta E vibracao_torre É altissimo ENTÃO risco_fadiga É altissimo,7.5,media,0.375,35.0,alta,0.0,1.9,altissimo,0.0,0.0,altissimo
2,28,SE velocidade_vento É media_alta E umidade_relativa É baixa E vibracao_torre É altissimo ENTÃO risco_fadiga É altissimo,7.5,media_alta,0.0,35.0,baixa,1.0,1.9,altissimo,0.0,0.0,altissimo
2,29,SE velocidade_vento É alta E umidade_relativa É muito_baixa E vibracao_torre É altissimo ENTÃO risco_fadiga É altissimo,7.5,alta,0.0,35.0,muito_baixa,0.0,1.9,altissimo,0.0,0.0,altissimo
2,30,SE velocidade_vento É baixa E umidade_relativa É moderada E vibracao_torre É media_alta ENTÃO risco_fadiga É moderado,7.5,baixa,0.16666666666666666,35.0,moderada,0.0,1.9,media_alta,0.0,0.0,moderado
3,1,SE velocidade_vento É baixa E umidade_relativa É muito_baixa E vibracao_torre É baixa ENTÃO risco_fadiga É muito_baixo,10.8,baixa,0.0,42.0,muito_baixa,0.0,3.2,baixa,0.0,0.0,muito_baixo
3,2,SE velocidade_vento É baixa E umidade_relativa É baixa E vibracao_torre É baixa ENTÃO risco_fadiga É muito_baixo,10.8,baixa,0.0,42.0,baixa,0.5333333333333333,3.2,baixa,0.0,0.0,muito_baixo
3,3,SE velocidade_vento É baixa E umidade_relativa É moderada E vibracao_torre É baixa ENTÃO risco_fadiga É baixo,10.8,baixa,0.0,42.0,moderada,0.13333333333333333,3.2,baixa,0.0,0.0,baixo
3,4,SE velocidade_vento É baixa E umidade_relativa É alta E vibracao_torre É baixa ENTÃO risco_fadiga É baixo,10.8,baixa,0.0,42.0,alta,0.0,3.2,baixa,0.0,0.0,baixo
3,5,SE velocidade_vento É baixa E umidade_relativa É altissima E vibracao_torre É baixa ENTÃO risco_fadiga É moderado,10.8,baixa,0.0,42.0,altissima,0.0,3.2,baixa,0.0,0.0,moderado
3,6,SE velocidade_vento É media E umidade_relativa É muito_baixa E vibracao_torre É baixa ENTÃO risco_fadiga É baixo,10.8,media,0.7999999999999998,42.0,muito_baixa,0.0,3.2,baixa,0.0,0.0,baixo
3,7,SE velocidade_vento É media E umidade_relativa É baixa E vibracao_torre É baixa ENTÃO risco_fadiga É baixo,10.8,media,0.7999999999999998,42.0,baixa,0.5333333333333333,3.2,baixa,0.0,0.0,baixo
3,8,SE velocidade_vento É media E umidade_relativa É moderada E vibracao_torre É media ENTÃO risco_fadiga É moderado,10.8,media,0.7999999999999998,42.0,moderada,0.13333333333333333,3.2,media,0.6399999999999999,0.13281832447455028,moderado
3,9,SE velocidade_vento É media E umidade_relativa É alta E vibracao_torre É media ENTÃO risco_fadiga É moderado,10.8,media,0.7999999999999998,42.0,alta,0.0,3.2,media,0.6399999999999999,0.0,moderado
3,10,SE velocidade_vento É media E umidade_relativa É altissima E vibracao_torre É media ENTÃO risco_fadiga É alto,10.8,media,0.7999999999999998,42.0,altissima,0.0,3.2,media,0.6399999999999999,0.0,alto
3,11,SE velocidade_vento É media_alta E umidade_relativa É muito_baixa E vibracao_torre É media ENTÃO risco_fadiga É moderado,10.8,media_alta,0.0,42.0,muito_baixa,0.0,3.2,media,0.6399999999999999,0.0,moderado
3,12,SE velocidade_vento É media_alta E umidade_relativa É baixa E vibracao_torre É media ENTÃO risco_fadiga É moderado,10.8,media_alta,0.0,42.0,baixa,0.5333333333333333,3.2,media,0.6399999999999999,0.0,moderado
3,13,SE velocidade_vento É media_alta E umidade_relativa É moderada E vibracao_torre É media_alta ENTÃO risco_fadiga É alto,10.8,media_alta,0.0,42.0,moderada,0.13333333333333333,3.2,media_alta,0.0,0.0,alto
3,14,SE velocidade_vento É media_alta E umidade_relativa É alta E vibracao_torre É media_alta ENTÃO risco_fadiga É alto,10.8,media_alta,0.0,42.0,alta,0.0,3.2,media_alta,0.0,0.0,alto
3,15,SE velocidade_vento É media_alta E umidade_relativa É altissima E vibracao_torre É media_alta ENTÃO risco_fadiga É altissimo,10.8,media_alta,0.0,42.0,altissima,0.0,3.2,media_alta,0.0,0.0,altissimo
3,16,SE velocidade_vento É alta E umidade_relativa É muito_baixa E vibracao_torre É media ENTÃO risco_fadiga É moderado,10.8,alta,0.0,42.0,muito_baixa,0.0,3.2,media,0.6399999999999999,0.0,moderado
3,17,SE velocidade_vento É alta E umidade_relativa É baixa E vibracao_torre É media_alta ENTÃO risco_fadiga É alto,10.8,alta,0.0,42.0,baixa,0.5333333333333333,3.2,media_alta,0.0,0.0,alto
3,18,SE velocidade_vento É alta E umidade_relativa É moderada E vibracao_torre É media_alta ENTÃO risco_fadiga É alto,10.8,alta,0.0,42.0,moderada,0.13333333333333333,3.2,media_alta,0.0,0.0,alto
3,19,SE velocidade_vento É alta E umidade_relativa É alta E vibracao_torre É alta ENTÃO risco_fadiga É altissimo,10.8,alta,0.0,42.0,alta,0.0,3.2,alta,0.0,0.0,altissimo
3,20,SE velocidade_vento É alta E umidade_relativa É altissima E vibracao_torre É alta ENTÃO risco_fadiga É altissimo,10.8,alta,0.0,42.0,altissima,0.0,3.2,alta,0.0,0.0,altissimo
3,21,SE velocidade_vento É altissimo E umidade_relativa É muito_baixa E vibracao_torre É media_alta ENTÃO risco_fadiga É alto,10.8,altissimo,0.0,42.0,muito_baixa,0.0,3.2,media_alta,0.0,0.0,alto
3,22,SE velocidade_vento É altissimo E umidade_relativa É baixa E vibracao_torre É media_alta ENTÃO risco_fadiga É alto,10.8,altissimo,0.0,42.0,baixa,0.5333333333333333,3.2,media_alta,0.0,0.0,alto
3,23,SE velocidade_vento É altissimo E umidade_relativa É moderada E vibracao_torre É alta ENTÃO risco_fadiga É altissimo,10.8,altissimo,0.0,42.0,moderada,0.13333333333333333,3.2,alta,0.0,0.0,altissimo
3,24,SE velocidade_vento É altissimo E umidade_relativa É alta E vibracao_torre É alta ENTÃO risco_fadiga É altissimo,10.8,altissimo,0.0,42.0,alta,0.0,3.2,alta,0.0,0.0,altissimo
3,25,SE velocidade_vento É altissimo E umidade_relativa É altissima E vibracao_torre É altissimo ENTÃO risco_fadiga É altissimo,10.8,altissimo,0.0,42.0,altissima,0.0,3.2,altissimo,0.0,0.0,altissimo
3,26,SE velocidade_vento É baixa E umidade_relativa É altissima E vibracao_torre É altissimo ENTÃO risco_fadiga É altissimo,10.8,baixa,0.0,42.0,altissima,0.0,3.2,altissimo,0.0,0.0,altissimo
3,27,SE velocidade_vento É media E umidade_relativa É alta E vibracao_torre É altissimo ENTÃO risco_fadiga É altissimo,10.8,media,0.7999999999999998,42.0,alta,0.0,3.2,altissimo,0.0,0.0,altissimo
3,28,SE velocidade_vento É media_alta E umidade_relativa É baixa E vibracao_torre É altissimo ENTÃO risco_fadiga É altissimo,10.8,media_alta,0.0,42.0,baixa,0.5333333333333333,3.2,altissimo,0.0,0.0,altissimo
3,29,SE velocidade_vento É alta E umidade_relativa É muito_baixa E vibracao_torre É altissimo ENTÃO risco_fadiga É altissimo,10.8,alta,0.0,42.0,muito_baixa,0.0,3.2,altissimo,0.0,0.0,altissimo
3,30,SE velocidade_vento É baixa E umidade_relativa É moderada E vibracao_torre É media_alta ENTÃO risco_fadiga É moderado,10.8,baixa,0.0,42.0,moderada,0.13333333333333333,3.2,media_alta,0.0,0.0,moderado
4,1,SE velocidade_vento É baixa E umidade_relativa É muito_baixa E vibracao_torre É baixa ENTÃO risco_fadiga É muito_baixo,13.6,baixa,0.0,58.0,muito_baixa,0.0,4.5,baixa,0.0,0.0,muito_baixo
4,2,SE velocidade_vento É baixa E umidade_relativa É baixa E vibracao_torre É baixa ENTÃO risco_fadiga É muito_baixo,13.6,baixa,0.0,58.0,baixa,0.0,4.5,baixa,0.0,0.0,muito_baixo
4,3,SE velocidade_vento É baixa E umidade_relativa É moderada E vibracao_torre É baixa ENTÃO risco_fadiga É baixo,13.6,baixa,0.0,58.0,moderada,0.8,4.5,baixa,0.0,0.0,baixo
4,4,SE velocidade_vento É baixa E umidade_relativa É alta E vibracao_torre É baixa ENTÃO risco_fadiga É baixo,13.6,baixa,0.0,58.0,alta,0.0,4.5,baixa,0.0,0.0,baixo
4,5,SE velocidade_vento É baixa E umidade_relativa É altissima E vibracao_torre É baixa ENTÃO risco_fadiga É moderado,13.6,baixa,0.0,58.0,altissima,0.0,4.5,baixa,0.0,0.0,moderado
4,6,SE velocidade_vento É media E umidade_relativa É muito_baixa E vibracao_torre É baixa ENTÃO risco_fadiga É baixo,13.6,media,0.10000000000000009,58.0,muito_baixa,0.0,4.5,baixa,0.0,0.0,baixo
4,7,SE velocidade_vento É media E umidade_relativa É baixa E vibracao_torre É baixa ENTÃO risco_fadiga É baixo,13.6,media,0.10000000000000009,58.0,baixa,0.0,4.5,baixa,0.0,0.0,baixo
4,8,SE velocidade_vento É media E umidade_relativa É moderada E vibracao_torre É media ENTÃO risco_fadiga É moderado,13.6,media,0.10000000000000009,58.0,moderada,0.8,4.5,media,0.0,0.0,moderado
4,9,SE velocidade_vento É media E umidade_relativa É alta E vibracao_torre É media ENTÃO risco_fadiga É moderado,13.6,media,0.10000000000000009,58.0,alta,0.0,4.5,media,0.0,0.0,moderado
4,10,SE velocidade_vento É media E umidade_relativa É altissima E vibracao_torre É media ENTÃO risco_fadiga É alto,13.6,media,0.10000000000000009,58.0,altissima,0.0,4.5,media,0.0,0.0,alto
4,11,SE velocidade_vento É media_alta E umidade_relativa É muito_baixa E vibracao_torre É media ENTÃO risco_fadiga É moderado,13.6,media_alta,0.3999999999999999,58.0,muito_baixa,0.0,4.5,media,0.0,0.0,moderado
4,12,SE velocidade_vento É media_alta E umidade_relativa É baixa E vibracao_torre É media ENTÃO risco_fadiga É moderado,13.6,media_alta,0.3999999999999999,58.0,baixa,0.0,4.5,media,0.0,0.0,moderado
4,13,SE velocidade_vento É media_alta E umidade_relativa É moderada E vibracao_torre É media_alta ENTÃO risco_fadiga É alto,13.6,media_alta,0.3999999999999999,58.0,moderada,0.8,4.5,media_alta,0.8,0.393529818721632,alto
4,14,SE velocidade_vento É media_alta E umidade_relativa É alta E vibracao_torre É media_alta ENTÃO risco_fadiga É alto,13.6,media_alta,0.3999999999999999,58.0,alta,0.0,4.5,media_alta,0.8,0.0,alto
4,15,SE velocidade_vento É media_alta E umidade_relativa É altissima E vibracao_torre É media_alta ENTÃO risco_fadiga É altissimo,13.6,media_alta,0.3999999999999999,58.0,altissima,0.0,4.5,media_alta,0.8,0.0,altissimo
4,16,SE velocidade_vento É alta E umidade_relativa É muito_baixa E vibracao_torre É media ENTÃO risco_fadiga É moderado,13.6,alta,0.0,58.0,muito_baixa,0.0,4.5,media,0.0,0.0,moderado
4,17,SE velocidade_vento É alta E umidade_relativa É baixa E vibracao_torre É media_alta ENTÃO risco_fadiga É alto,13.6,alta,0.0,58.0,baixa,0.0,4.5,media_alta,0.8,0.0,alto
4,18,SE velocidade_vento É alta E umidade_relativa É moderada E vibracao_torre É media_alta ENTÃO risco_fadiga É alto,13.6,alta,0.0,58.0,moderada,0.8,4.5,media_alta,0.8,0.0,alto
4,19,SE velocidade_vento É alta E umidade_relativa É alta E vibracao_torre É alta ENTÃO risco_fadiga É altissimo,13.6,alta,0.0,58.0,alta,0.0,4.5,alta,0.0,0.0,altissimo
4,20,SE velocidade_vento É alta E umidade_relativa É altissima E vibracao_torre É alta ENTÃO risco_fadiga É altissimo,13.6,alta,0.0,58.0,altissima,0.0,4.5,alta,0.0,0.0,altissimo
4,21,SE velocidade_vento É altissimo E umidade_relativa É muito_baixa E vibracao_torre É media_alta ENTÃO risco_fadiga É alto,13.6,altissimo,0.0,58.0,muito_baixa,0.0,4.5,media_alta,0.8,0.0,alto
4,22,SE velocidade_vento É altissimo E umidade_relativa É baixa E vibracao_torre É media_alta ENTÃO risco_fadiga É alto,13.6,altissimo,0.0,58.0,baixa,0.0,4.5,media_alta,0.8,0.0,alto
4,23,SE velocidade_vento É altissimo E umidade_relativa É moderada E vibracao_torre É alta ENTÃO risco_fadiga É altissimo,13.6,altissimo,0.0,58.0,moderada,0.8,4.5,alta,0.0,0.0,altissimo
4,24,SE velocidade_vento É altissimo E umidade_relativa É alta E vibracao_torre É alta ENTÃO risco_fadiga É altissimo,13.6,altissimo,0.0,58.0,alta,0.0,4.5,alta,0.0,0.0,altissimo
4,25,SE velocidade_vento É altissimo E umidade_relativa É altissima E vibracao_torre É altissimo ENTÃO risco_fadiga É altissimo,13.6,altissimo,0.0,58.0,altissima,0.0,4.5,altissimo,0.0,0.0,altissimo
4,26,SE velocidade_vento É baixa E umidade_relativa É altissima E vibracao_torre É altissimo ENTÃO risco_fadiga É altissimo,13.6,baixa,0.0,58.0,altissima,0.0,4.5,altissimo,0.0,0.0,altissimo
4,27,SE velocidade_vento É media E umidade_relativa É alta E vibracao_torre É altissimo ENTÃO risco_fadiga É altissimo,13.6,media,0.10000000000000009,58.0,alta,0.0,4.5,altissimo,0.0,0.0,altissimo
4,28,SE velocidade_vento É media_alta E umidade_relativa É baixa E vibracao_torre É altissimo ENTÃO risco_fadiga É altissimo,13.6,media_alta,0.3999999999999999,58.0,baixa,0.0,4.5,altissimo,0.0,0.0,altissimo
4,29,SE velocidade_vento É alta E umidade_relativa É muito_baixa E vibracao_torre É altissimo ENTÃO risco_fadiga É altissimo,13.6,alta,0.0,58.0,muito_baixa,0.0,4.5,altissimo,0.0,0.0,altissimo
4,30,SE velocidade_vento É baixa E umidade_relativa É moderada E vibracao_torre É media_alta ENTÃO risco_fadiga É moderado,13.6,baixa,0.0,58.0,moderada,0.8,4.5,media_alta,0.8,0.0,moderado
5,1,SE velocidade_vento É baixa E umidade_relativa É muito_baixa E vibracao_torre É baixa ENTÃO risco_fadiga É muito_baixo,15.4,baixa,0.0,67.0,muito_baixa,0.0,5.1,baixa,0.0,0.0,muito_baixo
5,2,SE velocidade_vento É baixa E umidade_relativa É baixa E vibracao_torre É baixa ENTÃO risco_fadiga É muito_baixo,15.4,baixa,0.0,67.0,baixa,0.0,5.1,baixa,0.0,0.0,muito_baixo
5,3,SE velocidade_vento É baixa E umidade_relativa É moderada E vibracao_torre É baixa ENTÃO risco_fadiga É baixo,15.4,baixa,0.0,67.0,moderada,0.2,5.1,baixa,0.0,0.0,baixo
5,4,SE velocidade_vento É baixa E umidade_relativa É alta E vibracao_torre É baixa ENTÃO risco_fadiga É baixo,15.4,baixa,0.0,67.0,alta,0.4666666666666667,5.1,baixa,0.0,0.0,baixo
5,5,SE velocidade_vento É baixa E umidade_relativa É altissima E vibracao_torre É baixa ENTÃO risco_fadiga É moderado,15.4,baixa,0.0,67.0,altissima,0.0,5.1,baixa,0.0,0.0,moderado
5,6,SE velocidade_vento É media E umidade_relativa É muito_baixa E vibracao_torre É baixa ENTÃO risco_fadiga É baixo,15.4,media,0.0,67.0,muito_baixa,0.0,5.1,baixa,0.0,0.0,baixo
5,7,SE velocidade_vento É media E umidade_relativa É baixa E vibracao_torre É baixa ENTÃO risco_fadiga É baixo,15.4,media,0.0,67.0,baixa,0.0,5.1,baixa,0.0,0.0,baixo
5,8,SE velocidade_vento É media E umidade_relativa É moderada E vibracao_torre É media ENTÃO risco_fadiga É moderado,15.4,media,0.0,67.0,moderada,0.2,5.1,media,0.0,0.0,moderado
5,9,SE velocidade_vento É media E umidade_relativa É alta E vibracao_torre É media ENTÃO risco_fadiga É moderado,15.4,media,0.0,67.0,alta,0.4666666666666667,5.1,media,0.0,0.0,moderado
5,10,SE velocidade_vento É media E umidade_relativa É altissima E vibracao_torre É media ENTÃO risco_fadiga É alto,15.4,media,0.0,67.0,altissima,0.0,5.1,media,0.0,0.0,alto
5,11,SE velocidade_vento É media_alta E umidade_relativa É muito_baixa E vibracao_torre É media ENTÃO risco_fadiga É moderado,15.4,media_alta,0.8500000000000001,67.0,muito_baixa,0.0,5.1,media,0.0,0.0,moderado
5,12,SE velocidade_vento É media_alta E umidade_relativa É baixa E vibracao_torre É media ENTÃO risco_fadiga É moderado,15.4,media_alta,0.8500000000000001,67.0,baixa,0.0,5.1,media,0.0,0.0,moderado
5,13,SE velocidade_vento É media_alta E umidade_relativa É moderada E vibracao_torre É media_alta ENTÃO risco_fadiga É alto,15.4,media_alta,0.8500000000000001,67.0,moderada,0.2,5.1,media_alta,0.7200000000000002,0.1990948170482477,alto
5,14,SE velocidade_vento É media_alta E umidade_relativa É alta E vibracao_torre É media_alta ENTÃO risco_fadiga É alto,15.4,media_alta,0.8500000000000001,67.0,alta,0.4666666666666667,5.1,media_alta,0.7200000000000002,0.4504422276220495,alto
5,15,SE velocidade_vento É media_alta E umidade_relativa É altissima E vibracao_torre É media_alta ENTÃO risco_fadiga É altissimo,15.4,media_alta,0.8500000000000001,67.0,altissima,0.0,5.1,media_alta,0.7200000000000002,0.0,altissimo
5,16,SE velocidade_vento É alta E umidade_relativa É muito_baixa E vibracao_torre É media ENTÃO risco_fadiga É moderado,15.4,alta,0.0,67.0,muito_baixa,0.0,5.1,media,0.0,0.0,moderado
5,17,SE velocidade_vento É alta E umidade_relativa É baixa E vibracao_torre É media_alta ENTÃO risco_fadiga É alto,15.4,alta,0.0,67.0,baixa,0.0,5.1,media_alta,0.7200000000000002,0.0,alto
5,18,SE velocidade_vento É alta E umidade_relativa É moderada E vibracao_torre É media_alta ENTÃO risco_fadiga É alto,15.4,alta,0.0,67.0,moderada,0.2,5.1,media_alta,0.7200000000000002,0.0,alto
5,19,SE velocidade_vento É alta E umidade_relativa É alta E vibracao_torre É alta ENTÃO risco_fadiga É altissimo,15.4,alta,0.0,67.0,alta,0.4666666666666667,5.1,alta,0.0,0.0,altissimo
5,20,SE velocidade_vento É alta E umidade_relativa É altissima E vibracao_torre É alta ENTÃO risco_fadiga É altissimo,15.4,alta,0.0,67.0,altissima,0.0,5.1,alta,0.0,0.0,altissimo
5,21,SE velocidade_vento É altissimo E umidade_relativa É muito_baixa E vibracao_torre É media_alta ENTÃO risco_fadiga É alto,15.4,altissimo,0.0,67.0,muito_baixa,0.0,5.1,media_alta,0.7200000000000002,0.0,alto
5,22,SE velocidade_vento É altissimo E umidade_relativa É baixa E vibracao_torre É media_alta ENTÃO risco_fadiga É alto,15.4,altissimo,0.0,67.0,baixa,0.0,5.1,media_alta,0.7200000000000002,0.0,alto
5,23,SE velocidade_vento É altissimo E umidade_relativa É moderada E vibracao_torre É alta ENTÃO risco_fadiga É altissimo,15.4,altissimo,0.0,67.0,moderada,0.2,5.1,alta,0.0,0.0,altissimo
5,24,SE velocidade_vento É altissimo E umidade_relativa É alta E vibracao_torre É alta ENTÃO risco_fadiga É altissimo,15.4,altissimo,0.0,67.0,alta,0.4666666666666667,5.1,alta,0.0,0.0,altissimo
5,25,SE velocidade_vento É altissimo E umidade_relativa É altissima E vibracao_torre É altissimo ENTÃO risco_fadiga É altissimo,15.4,altissimo,0.0,67.0,altissima,0.0,5.1,altissimo,0.0,0.0,altissimo
5,26,SE velocidade_vento É baixa E umidade_relativa É altissima E vibracao_torre É altissimo ENTÃO risco_fadiga É altissimo,15.4,baixa,0.0,67.0,altissima,0.0,5.1,altissimo,0.0,0.0,altissimo
5,27,SE velocidade_vento É media E umidade_relativa É alta E vibracao_torre É altissimo ENTÃO risco_fadiga É altissimo,15.4,media,0.0,67.0,alta,0.4666666666666667,5.1,altissimo,0.0,0.0,altissimo
5,28,SE velocidade_vento É media_alta E umidade_relativa É baixa E vibracao_torre É altissimo ENTÃO risco_fadiga É altissimo,15.4,media_alta,0.8500000000000001,67.0,baixa,0.0,5.1,altissimo,0.0,0.0,altissimo
5,29,SE velocidade_vento É alta E umidade_relativa É muito_baixa E vibracao_torre É altissimo ENTÃO risco_fadiga É altissimo,15.4,alta,0.0,67.0,muito_baixa,0.0,5.1,altissimo,0.0,0.0,altissimo
5,30,SE velocidade_vento É baixa E umidade_relativa É moderada E vibracao_torre É media_alta ENTÃO risco_fadiga É moderado,15.4,baixa,0.0,67.0,moderada,0.2,5.1,media_alta,0.7200000000000002,0.0,moderado
6,1,SE velocidade_vento É baixa E umidade_relativa É muito_baixa E vibracao_torre É baixa ENTÃO risco_fadiga É muito_baixo,18.9,baixa,0.0,74.0,muito_baixa,0.0,6.4,baixa,0.0,0.0,muito_baixo
6,2,SE velocidade_vento É baixa E umidade_relativa É baixa E vibracao_torre É baixa ENTÃO risco_fadiga É muito_baixo,18.9,baixa,0.0,74.0,baixa,0.0,6.4,baixa,0.0,0.0,muito_baixo
6,3,SE velocidade_vento É baixa E umidade_relativa É moderada E vibracao_torre É baixa ENTÃO risco_fadiga É baixo,18.9,baixa,0.0,74.0,moderada,0.0,6.4,baixa,0.0,0.0,baixo
6,4,SE velocidade_vento É baixa E umidade_relativa É alta E vibracao_torre É baixa ENTÃO risco_fadiga É baixo,18.9,baixa,0.0,74.0,alta,0.9333333333333333,6.4,baixa,0.0,0.0,baixo
6,5,SE velocidade_vento É baixa E umidade_relativa É altissima E vibracao_torre É baixa ENTÃO risco_fadiga É moderado,18.9,baixa,0.0,74.0,altissima,0.0,6.4,baixa,0.0,0.0,moderado
6,6,SE velocidade_vento É media E umidade_relativa É muito_baixa E vibracao_torre É baixa ENTÃO risco_fadiga É baixo,18.9,media,0.0,74.0,muito_baixa,0.0,6.4,baixa,0.0,0.0,baixo
6,7,SE velocidade_vento É media E umidade_relativa É baixa E vibracao_torre É baixa ENTÃO risco_fadiga É baixo,18.9,media,0.0,74.0,baixa,0.0,6.4,baixa,0.0,0.0,baixo
6,8,SE velocidade_vento É media E umidade_relativa É moderada E vibracao_torre É media ENTÃO risco_fadiga É moderado,18.9,media,0.0,74.0,moderada,0.0,6.4,media,0.0,0.0,moderado
6,9,SE velocidade_vento É media E umidade_relativa É alta E vibracao_torre É media ENTÃO risco_fadiga É moderado,18.9,media,0.0,74.0,alta,0.9333333333333333,6.4,media,0.0,0.0,moderado
6,10,SE velocidade_vento É media E umidade_relativa É altissima E vibracao_torre É media ENTÃO risco_fadiga É alto,18.9,media,0.0,74.0,altissima,0.0,6.4,media,0.0,0.0,alto
6,11,SE velocidade_vento É media_alta E umidade_relativa É muito_baixa E vibracao_torre É media ENTÃO risco_fadiga É moderado,18.9,media_alta,0.27500000000000036,74.0,muito_baixa,0.0,6.4,media,0.0,0.0,moderado
6,12,SE velocidade_vento É media_alta E umidade_relativa É baixa E vibracao_torre É media ENTÃO risco_fadiga É moderado,18.9,media_alta,0.27500000000000036,74.0,baixa,0.0,6.4,media,0.0,0.0,moderado
6,13,SE velocidade_vento É media_alta E umidade_relativa É moderada E vibracao_torre É media_alta ENTÃO risco_fadiga É alto,18.9,media_alta,0.27500000000000036,74.0,moderada,0.0,6.4,media_alta,0.0,0.0,alto
6,14,SE velocidade_vento É media_alta E umidade_relativa É alta E vibracao_torre É media_alta ENTÃO risco_fadiga É alto,18.9,media_alta,0.27500000000000036,74.0,alta,0.9333333333333333,6.4,media_alta,0.0,0.0,alto
6,15,SE velocidade_vento É media_alta E umidade_relativa É altissima E vibracao_torre É media_alta ENTÃO risco_fadiga É altissimo,18.9,media_alta,0.27500000000000036,74.0,altissima,0.0,6.4,media_alta,0.0,0.0,altissimo
6,16,SE velocidade_vento É alta E umidade_relativa É muito_baixa E vibracao_torre É media ENTÃO risco_fadiga É moderado,18.9,alta,0.25714285714285673,74.0,muito_baixa,0.0,6.4,media,0.0,0.0,moderado
6,17,SE velocidade_vento É alta E umidade_relativa É baixa E vibracao_torre É media_alta ENTÃO risco_fadiga É alto,18.9,alta,0.25714285714285673,74.0,baixa,0.0,6.4,media_alta,0.0,0.0,alto
6,18,SE velocidade_vento É alta E umidade_relativa É moderada E vibracao_torre É media_alta ENTÃO risco_fadiga É alto,18.9,alta,0.25714285714285673,74.0,moderada,0.0,6.4,media_alta,0.0,0.0,alto
6,19,SE velocidade_vento É alta E umidade_relativa É alta E vibracao_torre É alta ENTÃO risco_fadiga É altissimo,18.9,alta,0.25714285714285673,74.0,alta,0.9333333333333333,6.4,alta,0.7200000000000003,0.2553742487170896,altissimo
6,20,SE velocidade_vento É alta E umidade_relativa É altissima E vibracao_torre É alta ENTÃO risco_fadiga É altissimo,18.9,alta,0.25714285714285673,74.0,altissima,0.0,6.4,alta,0.7200000000000003,0.0,altissimo
6,21,SE velocidade_vento É altissimo E umidade_relativa É muito_baixa E vibracao_torre É media_alta ENTÃO risco_fadiga É alto,18.9,altissimo,0.0,74.0,muito_baixa,0.0,6.4,media_alta,0.0,0.0,alto
6,22,SE velocidade_vento É altissimo E umidade_relativa É baixa E vibracao_torre É media_alta ENTÃO risco_fadiga É alto,18.9,altissimo,0.0,74.0,baixa,0.0,6.4,media_alta,0.0,0.0,alto
6,23,SE velocidade_vento É altissimo E umidade_relativa É moderada E vibracao_torre É alta ENTÃO risco_fadiga É altissimo,18.9,altissimo,0.0,74.0,moderada,0.0,6.4,alta,0.7200000000000003,0.0,altissimo
6,24,SE velocidade_vento É altissimo E umidade_relativa É alta E vibracao_torre É alta ENTÃO risco_fadiga É altissimo,18.9,altissimo,0.0,74.0,alta,0.9333333333333333,6.4,alta,0.7200000000000003,0.0,altissimo
6,25,SE velocidade_vento É altissimo E umidade_relativa É altissima E vibracao_torre É altissimo ENTÃO risco_fadiga É altissimo,18.9,altissimo,0.0,74.0,altissima,0.0,6.4,altissimo,0.0,0.0,altissimo
6,26,SE velocidade_vento É baixa E umidade_relativa É altissima E vibracao_torre É altissimo ENTÃO risco_fadiga É altissimo,18.9,baixa,0.0,74.0,altissima,0.0,6.4,altissimo,0.0,0.0,altissimo
6,27,SE velocidade_vento É media E umidade_relativa É alta E vibracao_torre É altissimo ENTÃO risco_fadiga É altissimo,18.9,media,0.0,74.0,alta,0.9333333333333333,6.4,altissimo,0.0,0.0,altissimo
6,28,SE velocidade_vento É media_alta E umidade_relativa É baixa E vibracao_torre É altissimo ENTÃO risco_fadiga É altissimo,18.9,media_alta,0.27500000000000036,74.0,baixa,0.0,6.4,altissimo,0.0,0.0,altissimo
6,29,SE velocidade_vento É alta E umidade_relativa É muito_baixa E vibracao_torre É altissimo ENTÃO risco_fadiga É altissimo,18.9,alta,0.25714285714285673,74.0,muito_baixa,0.0,6.4,altissimo,0.0,0.0,altissimo
6,30,SE velocidade_vento É baixa E umidade_relativa É moderada E vibracao_torre É media_alta ENTÃO risco_fadiga É moderado,18.9,baixa,0.0,74.0,moderada,0.0,6.4,media_alta,0.0,0.0,moderado
7,1,SE velocidade_vento É baixa E umidade_relativa É muito_baixa E vibracao_torre É baixa ENTÃO risco_fadiga É muito_baixo,21.7,baixa,0.0,83.0,muito_baixa,0.0,7.2,baixa,0.0,0.0,muito_baixo
7,2,SE velocidade_vento É baixa E umidade_relativa É baixa E vibracao_torre É baixa ENTÃO risco_fadiga É muito_baixo,21.7,baixa,0.0,83.0,baixa,0.0,7.2,baixa,0.0,0.0,muito_baixo
7,3,SE velocidade_vento É baixa E umidade_relativa É moderada E vibracao_torre É baixa ENTÃO risco_fadiga É baixo,21.7,baixa,0.0,83.0,moderada,0.0,7.2,baixa,0.0,0.0,baixo
7,4,SE velocidade_vento É baixa E umidade_relativa É alta E vibracao_torre É baixa ENTÃO risco_fadiga É baixo,21.7,baixa,0.0,83.0,alta,0.4666666666666667,7.2,baixa,0.0,0.0,baixo
7,5,SE velocidade_vento É baixa E umidade_relativa É altissima E vibracao_torre É baixa ENTÃO risco_fadiga É moderado,21.7,baixa,0.0,83.0,altissima,0.3,7.2,baixa,0.0,0.0,moderado
7,6,SE velocidade_vento É media E umidade_relativa É muito_baixa E vibracao_torre É baixa ENTÃO risco_fadiga É baixo,21.7,media,0.0,83.0,muito_baixa,0.0,7.2,baixa,0.0,0.0,baixo
7,7,SE velocidade_vento É media E umidade_relativa É baixa E vibracao_torre É baixa ENTÃO risco_fadiga É baixo,21.7,media,0.0,83.0,baixa,0.0,7.2,baixa,0.0,0.0,baixo
7,8,SE velocidade_vento É media E umidade_relativa É moderada E vibracao_torre É media ENTÃO risco_fadiga É moderado,21.7,media,0.0,83.0,moderada,0.0,7.2,media,0.0,0.0,moderado
7,9,SE velocidade_vento É media E umidade_relativa É alta E vibracao_torre É media ENTÃO risco_fadiga É moderado,21.7,media,0.0,83.0,alta,0.4666666666666667,7.2,media,0.0,0.0,moderado
7,10,SE velocidade_vento É media E umidade_relativa É altissima E vibracao_torre É media ENTÃO risco_fadiga É alto,21.7,media,0.0,83.0,altissima,0.3,7.2,media,0.0,0.0,alto
7,11,SE velocidade_vento É media_alta E umidade_relativa É muito_baixa E vibracao_torre É media ENTÃO risco_fadiga É moderado,21.7,media_alta,0.0,83.0,muito_baixa,0.0,7.2,media,0.0,0.0,moderado
7,12,SE velocidade_vento É media_alta E umidade_relativa É baixa E vibracao_torre É media ENTÃO risco_fadiga É moderado,21.7,media_alta,0.0,83.0,baixa,0.0,7.2,media,0.0,0.0,moderado
7,13,SE velocidade_vento É media_alta E umidade_relativa É moderada E vibracao_torre É media_alta ENTÃO risco_fadiga É alto,21.7,media_alta,0.0,83.0,moderada,0.0,7.2,media_alta,0.0,0.0,alto
7,14,SE velocidade_vento É media_alta E umidade_relativa É alta E vibracao_torre É media_alta ENTÃO risco_fadiga É alto,21.7,media_alta,0.0,83.0,alta,0.4666666666666667,7.2,media_alta,0.0,0.0,alto
7,15,SE velocidade_vento É media_alta E umidade_relativa É altissima E vibracao_torre É media_alta ENTÃO risco_fadiga É altissimo,21.7,media_alta,0.0,83.0,altissima,0.3,7.2,media_alta,0.0,0.0,altissimo
7,16,SE velocidade_vento É alta E umidade_relativa É muito_baixa E vibracao_torre É media ENTÃO risco_fadiga É moderado,21.7,alta,0.9428571428571431,83.0,muito_baixa,0.0,7.2,media,0.0,0.0,moderado
7,17,SE velocidade_vento É alta E umidade_relativa É baixa E vibracao_torre É media_alta ENTÃO risco_fadiga É alto,21.7,alta,0.9428571428571431,83.0,baixa,0.0,7.2,media_alta,0.0,0.0,alto
7,18,SE velocidade_vento É alta E umidade_relativa É moderada E vibracao_torre É media_alta ENTÃO risco_fadiga É alto,21.7,alta,0.9428571428571431,83.0,moderada,0.0,7.2,media_alta,0.0,0.0,alto
7,19,SE velocidade_vento É alta E umidade_relativa É alta E vibracao_torre É alta ENTÃO risco_fadiga É altissimo,21.7,alta,0.9428571428571431,83.0,alta,0.4666666666666667,7.2,alta,0.6399999999999999,0.43951674415943337,altissimo
7,20,SE velocidade_vento É alta E umidade_relativa É altissima E vibracao_torre É alta ENTÃO risco_fadiga É altissimo,21.7,alta,0.9428571428571431,83.0,altissima,0.3,7.2,alta,0.6399999999999999,0.294036158303978,altissimo
7,21,SE velocidade_vento É altissimo E umidade_relativa É muito_baixa E vibracao_torre É media_alta ENTÃO risco_fadiga É alto,21.7,altissimo,0.0,83.0,muito_baixa,0.0,7.2,media_alta,0.0,0.0,alto
7,22,SE velocidade_vento É altissimo E umidade_relativa É baixa E vibracao_torre É media_alta ENTÃO risco_fadiga É alto,21.7,altissimo,0.0,83.0,baixa,0.0,7.2,media_alta,0.0,0.0,alto
7,23,SE velocidade_vento É altissimo E umidade_relativa É moderada E vibracao_torre É alta ENTÃO risco_fadiga É altissimo,21.7,altissimo,0.0,83.0,moderada,0.0,7.2,alta,0.6399999999999999,0.0,altissimo
7,24,SE velocidade_vento É altissimo E umidade_relativa É alta E vibracao_torre É alta ENTÃO risco_fadiga É altissimo,21.7,altissimo,0.0,83.0,alta,0.4666666666666667,7.2,alta,0.6399999999999999,0.0,altissimo
7,25,SE velocidade_vento É altissimo E umidade_relativa É altissima E vibracao_torre É altissimo ENTÃO risco_fadiga É altissimo,21.7,altissimo,0.0,83.0,altissima,0.3,7.2,altissimo,0.0,0.0,altissimo
7,26,SE velocidade_vento É baixa E umidade_relativa É altissima E vibracao_torre É altissimo ENTÃO risco_fadiga É altissimo,21.7,baixa,0.0,83.0,altissima,0.3,7.2,altissimo,0.0,0.0,altissimo
7,27,SE velocidade_vento É media E umidade_relativa É alta E vibracao_torre É altissimo ENTÃO risco_fadiga É altissimo,21.7,media,0.0,83.0,alta,0.4666666666666667,7.2,altissimo,0.0,0.0,altissimo
7,28,SE velocidade_vento É media_alta E umidade_relativa É baixa E vibracao_torre É altissimo ENTÃO risco_fadiga É altissimo,21.7,media_alta,0.0,83.0,baixa,0.0,7.2,altissimo,0.0,0.0,altissimo
7,29,SE velocidade_vento É alta E umidade_relativa É muito_baixa E vibracao_torre É altissimo ENTÃO risco_fadiga É altissimo,21.7,alta,0.9428571428571431,83.0,muito_baixa,0.0,7.2,altissimo,0.0,0.0,altissimo
7,30,SE velocidade_vento É baixa E umidade_relativa É moderada E vibracao_torre É media_alta ENTÃO risco_fadiga É moderado,21.7,baixa,0.0,83.0,moderada,0.0,7.2,media_alta,0.0,0.0,moderado
8,1,SE velocidade_vento É baixa E umidade_relativa É muito_baixa E vibracao_torre É baixa ENTÃO risco_fadiga É muito_baixo,24.5,baixa,0.0,91.0,muito_baixa,0.0,8.3,baixa,0.0,0.0,muito_baixo
8,2,SE velocidade_vento É baixa E umidade_relativa É baixa E vibracao_torre É baixa ENTÃO risco_fadiga É muito_baixo,24.5,baixa,0.0,91.0,baixa,0.0,8.3,baixa,0.0,0.0,muito_baixo
8,3,SE velocidade_vento É baixa E umidade_relativa É moderada E vibracao_torre É baixa ENTÃO risco_fadiga É baixo,24.5,baixa,0.0,91.0,moderada,0.0,8.3,baixa,0.0,0.0,baixo
8,4,SE velocidade_vento É baixa E umidade_relativa É alta E vibracao_torre É baixa ENTÃO risco_fadiga É baixo,24.5,baixa,0.0,91.0,alta,0.0,8.3,baixa,0.0,0.0,baixo
8,5,SE velocidade_vento É baixa E umidade_relativa É altissima E vibracao_torre É baixa ENTÃO risco_fadiga É moderado,24.5,baixa,0.0,91.0,altissima,1.0,8.3,baixa,0.0,0.0,moderado
8,6,SE velocidade_vento É media E umidade_relativa É muito_baixa E vibracao_torre É baixa ENTÃO risco_fadiga É baixo,24.5,media,0.0,91.0,muito_baixa,0.0,8.3,baixa,0.0,0.0,baixo
8,7,SE velocidade_vento É media E umidade_relativa É baixa E vibracao_torre É baixa ENTÃO risco_fadiga É baixo,24.5,media,0.0,91.0,baixa,0.0,8.3,baixa,0.0,0.0,baixo
8,8,SE velocidade_vento É media E umidade_relativa É moderada E vibracao_torre É media ENTÃO risco_fadiga É moderado,24.5,media,0.0,91.0,moderada,0.0,8.3,media,0.0,0.0,moderado
8,9,SE velocidade_vento É media E umidade_relativa É alta E vibracao_torre É media ENTÃO risco_fadiga É moderado,24.5,media,0.0,91.0,alta,0.0,8.3,media,0.0,0.0,moderado
8,10,SE velocidade_vento É media E umidade_relativa É altissima E vibracao_torre É media ENTÃO risco_fadiga É alto,24.5,media,0.0,91.0,altissima,1.0,8.3,media,0.0,0.0,alto
8,11,SE velocidade_vento É media_alta E umidade_relativa É muito_baixa E vibracao_torre É media ENTÃO risco_fadiga É moderado,24.5,media_alta,0.0,91.0,muito_baixa,0.0,8.3,media,0.0,0.0,moderado
8,12,SE velocidade_vento É media_alta E umidade_relativa É baixa E vibracao_torre É media ENTÃO risco_fadiga É moderado,24.5,media_alta,0.0,91.0,baixa,0.0,8.3,media,0.0,0.0,moderado
8,13,SE velocidade_vento É media_alta E umidade_relativa É moderada E vibracao_torre É media_alta ENTÃO risco_fadiga É alto,24.5,media_alta,0.0,91.0,moderada,0.0,8.3,media_alta,0.0,0.0,alto
8,14,SE velocidade_vento É media_alta E umidade_relativa É alta E vibracao_torre É media_alta ENTÃO risco_fadiga É alto,24.5,media_alta,0.0,91.0,alta,0.0,8.3,media_alta,0.0,0.0,alto
8,15,SE velocidade_vento É media_alta E umidade_relativa É altissima E vibracao_torre É media_alta ENTÃO risco_fadiga É altissimo,24.5,media_alta,0.0,91.0,altissima,1.0,8.3,media_alta,0.0,0.0,altissimo
8,16,SE velocidade_vento É alta E umidade_relativa É muito_baixa E vibracao_torre É media ENTÃO risco_fadiga É moderado,24.5,alta,0.14285714285714285,91.0,muito_baixa,0.0,8.3,media,0.0,0.0,moderado
8,17,SE velocidade_vento É alta E umidade_relativa É baixa E vibracao_torre É media_alta ENTÃO risco_fadiga É alto,24.5,alta,0.14285714285714285,91.0,baixa,0.0,8.3,media_alta,0.0,0.0,alto
8,18,SE velocidade_vento É alta E umidade_relativa É moderada E vibracao_torre É media_alta ENTÃO risco_fadiga É alto,24.5,alta,0.14285714285714285,91.0,moderada,0.0,8.3,media_alta,0.0,0.0,alto
8,19,SE velocidade_vento É alta E umidade_relativa É alta E vibracao_torre É alta ENTÃO risco_fadiga É altissimo,24.5,alta,0.14285714285714285,91.0,alta,0.0,8.3,alta,0.0,0.0,altissimo
8,20,SE velocidade_vento É alta E umidade_relativa É altissima E vibracao_torre É alta ENTÃO risco_fadiga É altissimo,24.5,alta,0.14285714285714285,91.0,altissima,1.0,8.3,alta,0.0,0.0,altissimo
8,21,SE velocidade_vento É altissimo E umidade_relativa É muito_baixa E vibracao_torre É media_alta ENTÃO risco_fadiga É alto,24.5,altissimo,0.3125,91.0,muito_baixa,0.0,8.3,media_alta,0.0,0.0,alto
8,22,SE velocidade_vento É altissimo E umidade_relativa É baixa E vibracao_torre É media_alta ENTÃO risco_fadiga É alto,24.5,altissimo,0.3125,91.0,baixa,0.0,8.3,media_alta,0.0,0.0,alto
8,23,SE velocidade_vento É altissimo E umidade_relativa É moderada E vibracao_torre É alta ENTÃO risco_fadiga É altissimo,24.5,altissimo,0.3125,91.0,moderada,0.0,8.3,alta,0.0,0.0,altissimo
8,24,SE velocidade_vento É altissimo E umidade_relativa É alta E vibracao_torre É alta ENTÃO risco_fadiga É altissimo,24.5,altissimo,0.3125,91.0,alta,0.0,8.3,alta,0.0,0.0,altissimo
8,25,SE velocidade_vento É altissimo E umidade_relativa É altissima E vibracao_torre É altissimo ENTÃO risco_fadiga É altissimo,24.5,altissimo,0.3125,91.0,altissima,1.0,8.3,altissimo,0.40000000000000036,0.27302223171410017,altissimo
8,26,SE velocidade_vento É baixa E umidade_relativa É altissima E vibracao_torre É altissimo ENTÃO risco_fadiga É altissimo,24.5,baixa,0.0,91.0,altissima,1.0,8.3,altissimo,0.40000000000000036,0.0,altissimo
8,27,SE velocidade_vento É media E umidade_relativa É alta E vibracao_torre É altissimo ENTÃO risco_fadiga É altissimo,24.5,media,0.0,91.0,alta,0.0,8.3,altissimo,0.40000000000000036,0.0,altissimo
8,28,SE velocidade_vento É media_alta E umidade_relativa É baixa E vibracao_torre É altissimo ENTÃO risco_fadiga É altissimo,24.5,media_alta,0.0,91.0,baixa,0.0,8.3,altissimo,0.40000000000000036,0.0,altissimo
8,29,SE velocidade_vento É alta E umidade_relativa É muito_baixa E vibracao_torre É altissimo ENTÃO risco_fadiga É altissimo,24.5,alta,0.14285714285714285,91.0,muito_baixa,0.0,8.3,altissimo,0.40000000000000036,0.0,altissimo
8,30,SE velocidade_vento É baixa E umidade_relativa É moderada E vibracao_torre É media_alta ENTÃO risco_fadiga É moderado,24.5,baixa,0.0,91.0,moderada,0.0,8.3,media_alta,0.0,0.0,moderado
9,1,SE velocidade_vento É baixa E umidade_relativa É muito_baixa E vibracao_torre É baixa ENTÃO risco_fadiga É muito_baixo,27.8,baixa,0.0,96.0,muito_baixa,0.0,9.1,baixa,0.0,0.0,muito_baixo
9,2,SE velocidade_vento É baixa E umidade_relativa É baixa E vibracao_torre É baixa ENTÃO risco_fadiga É muito_baixo,27.8,baixa,0.0,96.0,baixa,0.0,9.1,baixa,0.0,0.0,muito_baixo
9,3,SE velocidade_vento É baixa E umidade_relativa É moderada E vibracao_torre É baixa ENTÃO risco_fadiga É baixo,27.8,baixa,0.0,96.0,moderada,0.0,9.1,baixa,0.0,0.0,baixo
9,4,SE velocidade_vento É baixa E umidade_relativa É alta E vibracao_torre É baixa ENTÃO risco_fadiga É baixo,27.8,baixa,0.0,96.0,alta,0.0,9.1,baixa,0.0,0.0,baixo
9,5,SE velocidade_vento É baixa E umidade_relativa É altissima E vibracao_torre É baixa ENTÃO risco_fadiga É moderado,27.8,baixa,0.0,96.0,altissima,1.0,9.1,baixa,0.0,0.0,moderado
9,6,SE velocidade_vento É media E umidade_relativa É muito_baixa E vibracao_torre É baixa ENTÃO risco_fadiga É baixo,27.8,media,0.0,96.0,muito_baixa,0.0,9.1,baixa,0.0,0.0,baixo
9,7,SE velocidade_vento É media E umidade_relativa É baixa E vibracao_torre É baixa ENTÃO risco_fadiga É baixo,27.8,media,0.0,96.0,baixa,0.0,9.1,baixa,0.0,0.0,baixo
9,8,SE velocidade_vento É media E umidade_relativa É moderada E vibracao_torre É media ENTÃO risco_fadiga É moderado,27.8,media,0.0,96.0,moderada,0.0,9.1,media,0.0,0.0,moderado
9,9,SE velocidade_vento É media E umidade_relativa É alta E vibracao_torre É media ENTÃO risco_fadiga É moderado,27.8,media,0.0,96.0,alta,0.0,9.1,media,0.0,0.0,moderado
9,10,SE velocidade_vento É media E umidade_relativa É altissima E vibracao_torre É media ENTÃO risco_fadiga É alto,27.8,media,0.0,96.0,altissima,1.0,9.1,media,0.0,0.0,alto
9,11,SE velocidade_vento É media_alta E umidade_relativa É muito_baixa E vibracao_torre É media ENTÃO risco_fadiga É moderado,27.8,media_alta,0.0,96.0,muito_baixa,0.0,9.1,media,0.0,0.0,moderado
9,12,SE velocidade_vento É media_alta E umidade_relativa É baixa E vibracao_torre É media ENTÃO risco_fadiga É moderado,27.8,media_alta,0.0,96.0,baixa,0.0,9.1,media,0.0,0.0,moderado
9,13,SE velocidade_vento É media_alta E umidade_relativa É moderada E vibracao_torre É media_alta ENTÃO risco_fadiga É alto,27.8,media_alta,0.0,96.0,moderada,0.0,9.1,media_alta,0.0,0.0,alto
9,14,SE velocidade_vento É media_alta E umidade_relativa É alta E vibracao_torre É media_alta ENTÃO risco_fadiga É alto,27.8,media_alta,0.0,96.0,alta,0.0,9.1,media_alta,0.0,0.0,alto
9,15,SE velocidade_vento É media_alta E umidade_relativa É altissima E vibracao_torre É media_alta ENTÃO risco_fadiga É altissimo,27.8,media_alta,0.0,96.0,altissima,1.0,9.1,media_alta,0.0,0.0,altissimo
9,16,SE velocidade_vento É alta E umidade_relativa É muito_baixa E vibracao_torre É media ENTÃO risco_fadiga É moderado,27.8,alta,0.0,96.0,muito_baixa,0.0,9.1,media,0.0,0.0,moderado
9,17,SE velocidade_vento É alta E umidade_relativa É baixa E vibracao_torre É media_alta ENTÃO risco_fadiga É alto,27.8,alta,0.0,96.0,baixa,0.0,9.1,media_alta,0.0,0.0,alto
9,18,SE velocidade_vento É alta E umidade_relativa É moderada E vibracao_torre É media_alta ENTÃO risco_fadiga É alto,27.8,alta,0.0,96.0,moderada,0.0,9.1,media_alta,0.0,0.0,alto
9,19,SE velocidade_vento É alta E umidade_relativa É alta E vibracao_torre É alta ENTÃO risco_fadiga É altissimo,27.8,alta,0.0,96.0,alta,0.0,9.1,alta,0.0,0.0,altissimo
9,20,SE velocidade_vento É alta E umidade_relativa É altissima E vibracao_torre É alta ENTÃO risco_fadiga É altissimo,27.8,alta,0.0,96.0,altissima,1.0,9.1,alta,0.0,0.0,altissimo
9,21,SE velocidade_vento É altissimo E umidade_relativa É muito_baixa E vibracao_torre É media_alta ENTÃO risco_fadiga É alto,27.8,altissimo,0.7250000000000001,96.0,muito_baixa,0.0,9.1,media_alta,0.0,0.0,alto
9,22,SE velocidade_vento É altissimo E umidade_relativa É baixa E vibracao_torre É media_alta ENTÃO risco_fadiga É alto,27.8,altissimo,0.7250000000000001,96.0,baixa,0.0,9.1,media_alta,0.0,0.0,alto
9,23,SE velocidade_vento É altissimo E umidade_relativa É moderada E vibracao_torre É alta ENTÃO risco_fadiga É altissimo,27.8,altissimo,0.7250000000000001,96.0,moderada,0.0,9.1,alta,0.0,0.0,altissimo
9,24,SE velocidade_vento É altissimo E umidade_relativa É alta E vibracao_torre É alta ENTÃO risco_fadiga É altissimo,27.8,altissimo,0.7250000000000001,96.0,alta,0.0,9.1,alta,0.0,0.0,altissimo
9,25,SE velocidade_vento É altissimo E umidade_relativa É altissima E vibracao_torre É altissimo ENTÃO risco_fadiga É altissimo,27.8,altissimo,0.7250000000000001,96.0,altissima,1.0,9.1,altissimo,0.7999999999999998,0.6876223591551172,altissimo
9,26,SE velocidade_vento É baixa E umidade_relativa É altissima E vibracao_torre É altissimo ENTÃO risco_fadiga É altissimo,27.8,baixa,0.0,96.0,altissima,1.0,9.1,altissimo,0.7999999999999998,0.0,altissimo
9,27,SE velocidade_vento É media E umidade_relativa É alta E vibracao_torre É altissimo ENTÃO risco_fadiga É altissimo,27.8,media,0.0,96.0,alta,0.0,9.1,altissimo,0.7999999999999998,0.0,altissimo
9,28,SE velocidade_vento É media_alta E umidade_relativa É baixa E vibracao_torre É altissimo ENTÃO risco_fadiga É altissimo,27.8,media_alta,0.0,96.0,baixa,0.0,9.1,altissimo,0.7999999999999998,0.0,altissimo
9,29,SE velocidade_vento É alta E umidade_relativa É muito_baixa E vibracao_torre É altissimo ENTÃO risco_fadiga É altissimo,27.8,alta,0.0,96.0,muito_baixa,0.0,9.1,altissimo,0.7999999999999998,0.0,altissimo
9,30,SE velocidade_vento É baixa E umidade_relativa É moderada E vibracao_torre É media_alta ENTÃO risco_fadiga É moderado,27.8,baixa,0.0,96.0,moderada,0.0,9.1,media_alta,0.0,0.0,moderado
10,1,SE velocidade_vento É baixa E umidade_relativa É muito_baixa E vibracao_torre É baixa ENTÃO risco_fadiga É muito_baixo,12.4,baixa,0.0,49.0,muito_baixa,0.0,3.8,baixa,0.0,0.0,muito_baixo
10,2,SE velocidade_vento É baixa E umidade_relativa É baixa E vibracao_torre É baixa ENTÃO risco_fadiga É muito_baixo,12.4,baixa,0.0,49.0,baixa,0.06666666666666667,3.8,baixa,0.0,0.0,muito_baixo
10,3,SE velocidade_vento É baixa E umidade_relativa É moderada E vibracao_torre É baixa ENTÃO risco_fadiga É baixo,12.4,baixa,0.0,49.0,moderada,0.6,3.8,baixa,0.0,0.0,baixo
10,4,SE velocidade_vento É baixa E umidade_relativa É alta E vibracao_torre É baixa ENTÃO risco_fadiga É baixo,12.4,baixa,0.0,49.0,alta,0.0,3.8,baixa,0.0,0.0,baixo
10,5,SE velocidade_vento É baixa E umidade_relativa É altissima E vibracao_torre É baixa ENTÃO risco_fadiga É moderado,12.4,baixa,0.0,49.0,altissima,0.0,3.8,baixa,0.0,0.0,moderado
10,6,SE velocidade_vento É media E umidade_relativa É muito_baixa E vibracao_torre É baixa ENTÃO risco_fadiga É baixo,12.4,media,0.3999999999999999,49.0,muito_baixa,0.0,3.8,baixa,0.0,0.0,baixo
10,7,SE velocidade_vento É media E umidade_relativa É baixa E vibracao_torre É baixa ENTÃO risco_fadiga É baixo,12.4,media,0.3999999999999999,49.0,baixa,0.06666666666666667,3.8,baixa,0.0,0.0,baixo
10,8,SE velocidade_vento É media E umidade_relativa É moderada E vibracao_torre É media ENTÃO risco_fadiga É moderado,12.4,media,0.3999999999999999,49.0,moderada,0.6,3.8,media,0.16000000000000014,0.15383121383195927,moderado
10,9,SE velocidade_vento É media E umidade_relativa É alta E vibracao_torre É media ENTÃO risco_fadiga É moderado,12.4,media,0.3999999999999999,49.0,alta,0.0,3.8,media,0.16000000000000014,0.0,moderado
10,10,SE velocidade_vento É media E umidade_relativa É altissima E vibracao_torre É media ENTÃO risco_fadiga É alto,12.4,media,0.3999999999999999,49.0,altissima,0.0,3.8,media,0.16000000000000014,0.0,alto
10,11,SE velocidade_vento É media_alta E umidade_relativa É muito_baixa E vibracao_torre É media ENTÃO risco_fadiga É moderado,12.4,media_alta,0.10000000000000009,49.0,muito_baixa,0.0,3.8,media,0.16000000000000014,0.0,moderado
10,12,SE velocidade_vento É media_alta E umidade_relativa É baixa E vibracao_torre É media ENTÃO risco_fadiga É moderado,12.4,media_alta,0.10000000000000009,49.0,baixa,0.06666666666666667,3.8,media,0.16000000000000014,0.05419549223974384,moderado
10,13,SE velocidade_vento É media_alta E umidade_relativa É moderada E vibracao_torre É media_alta ENTÃO risco_fadiga É alto,12.4,media_alta,0.10000000000000009,49.0,moderada,0.6,3.8,media_alta,0.23999999999999988,0.0946601171782886,alto
10,14,SE velocidade_vento É media_alta E umidade_relativa É alta E vibracao_torre É media_alta ENTÃO risco_fadiga É alto,12.4,media_alta,0.10000000000000009,49.0,alta,0.0,3.8,media_alta,0.23999999999999988,0.0,alto
10,15,SE velocidade_vento É media_alta E umidade_relativa É altissima E vibracao_torre É media_alta ENTÃO risco_fadiga É altissimo,12.4,media_alta,0.10000000000000009,49.0,altissima,0.0,3.8,media_alta,0.23999999999999988,0.0,altissimo
10,16,SE velocidade_vento É alta E umidade_relativa É muito_baixa E vibracao_torre É media ENTÃO risco_fadiga É moderado,12.4,alta,0.0,49.0,muito_baixa,0.0,3.8,media,0.16000000000000014,0.0,moderado
10,17,SE velocidade_vento É alta E umidade_relativa É baixa E vibracao_torre É media_alta ENTÃO risco_fadiga É alto,12.4,alta,0.0,49.0,baixa,0.06666666666666667,3.8,media_alta,0.23999999999999988,0.0,alto
10,18,SE velocidade_vento É alta E umidade_relativa É moderada E vibracao_torre É media_alta ENTÃO risco_fadiga É alto,12.4,alta,0.0,49.0,moderada,0.6,3.8,media_alta,0.23999999999999988,0.0,alto
10,19,SE velocidade_vento É alta E umidade_relativa É alta E vibracao_torre É alta ENTÃO risco_fadiga É altissimo,12.4,alta,0.0,49.0,alta,0.0,3.8,alta,0.0,0.0,altissimo
10,20,SE velocidade_vento É alta E umidade_relativa É altissima E vibracao_torre É alta ENTÃO risco_fadiga É altissimo,12.4,alta,0.0,49.0,altissima,0.0,3.8,alta,0.0,0.0,altissimo
10,21,SE velocidade_vento É altissimo E umidade_relativa É muito_baixa E vibracao_torre É media_alta ENTÃO risco_fadiga É alto,12.4,altissimo,0.0,49.0,muito_baixa,0.0,3.8,media_alta,0.23999999999999988,0.0,alto
10,22,SE velocidade_vento É altissimo E umidade_relativa É baixa E vibracao_torre É media_alta ENTÃO risco_fadiga É alto,12.4,altissimo,0.0,49.0,baixa,0.06666666666666667,3.8,media_alta,0.23999999999999988,0.0,alto
10,23,SE velocidade_vento É altissimo E umidade_relativa É moderada E vibracao_torre É alta ENTÃO risco_fadiga É altissimo,12.4,altissimo,0.0,49.0,moderada,0.6,3.8,alta,0.0,0.0,altissimo
10,24,SE velocidade_vento É altissimo E umidade_relativa É alta E vibracao_torre É alta ENTÃO risco_fadiga É altissimo,12.4,altissimo,0.0,49.0,alta,0.0,3.8,alta,0.0,0.0,altissimo
10,25,SE velocidade_vento É altissimo E umidade_relativa É altissima E vibracao_torre É altissimo ENTÃO risco_fadiga É altissimo,12.4,altissimo,0.0,49.0,altissima,0.0,3.8,altissimo,0.0,0.0,altissimo
10,26,SE velocidade_vento É baixa E umidade_relativa É altissima E vibracao_torre É altissimo ENTÃO risco_fadiga É altissimo,12.4,baixa,0.0,49.0,altissima,0.0,3.8,altissimo,0.0,0.0,altissimo
10,27,SE velocidade_vento É media E umidade_relativa É alta E vibracao_torre É altissimo ENTÃO risco_fadiga É altissimo,12.4,media,0.3999999999999999,49.0,alta,0.0,3.8,altissimo,0.0,0.0,altissimo
10,28,SE velocidade_vento É media_alta E umidade_relativa É baixa E vibracao_torre É altissimo ENTÃO risco_fadiga É altissimo,12.4,media_alta,0.10000000000000009,49.0,baixa,0.06666666666666667,3.8,altissimo,0.0,0.0,altissimo
10,29,SE velocidade_vento É alta E umidade_relativa É muito_baixa E vibracao_torre É altissimo ENTÃO risco_fadiga É altissimo,12.4,alta,0.0,49.0,muito_baixa,0.0,3.8,altissimo,0.0,0.0,altissimo
10,30,SE velocidade_vento É baixa E umidade_relativa É moderada E vibracao_torre É media_alta ENTÃO risco_fadiga É moderado,12.4,baixa,0.0,49.0,moderada,0.6,3.8,media_alta,0.23999999999999988,0.0,moderado
11,1,SE velocidade_vento É baixa E umidade_relativa É muito_baixa E vibracao_torre É baixa ENTÃO risco_fadiga É muito_baixo,16.7,baixa,0.0,62.0,muito_baixa,0.0,5.7,baixa,0.0,0.0,muito_baixo
11,2,SE velocidade_vento É baixa E umidade_relativa É baixa E vibracao_torre É baixa ENTÃO risco_fadiga É muito_baixo,16.7,baixa,0.0,62.0,baixa,0.0,5.7,baixa,0.0,0.0,muito_baixo
11,3,SE velocidade_vento É baixa E umidade_relativa É moderada E vibracao_torre É baixa ENTÃO risco_fadiga É baixo,16.7,baixa,0.0,62.0,moderada,0.5333333333333333,5.7,baixa,0.0,0.0,baixo
11,4,SE velocidade_vento É baixa E umidade_relativa É alta E vibracao_torre É baixa ENTÃO risco_fadiga É baixo,16.7,baixa,0.0,62.0,alta,0.13333333333333333,5.7,baixa,0.0,0.0,baixo
11,5,SE velocidade_vento É baixa E umidade_relativa É altissima E vibracao_torre É baixa ENTÃO risco_fadiga É moderado,16.7,baixa,0.0,62.0,altissima,0.0,5.7,baixa,0.0,0.0,moderado
11,6,SE velocidade_vento É media E umidade_relativa É muito_baixa E vibracao_torre É baixa ENTÃO risco_fadiga É baixo,16.7,media,0.0,62.0,muito_baixa,0.0,5.7,baixa,0.0,0.0,baixo
11,7,SE velocidade_vento É media E umidade_relativa É baixa E vibracao_torre É baixa ENTÃO risco_fadiga É baixo,16.7,media,0.0,62.0,baixa,0.0,5.7,baixa,0.0,0.0,baixo
11,8,SE velocidade_vento É media E umidade_relativa É moderada E vibracao_torre É media ENTÃO risco_fadiga É moderado,16.7,media,0.0,62.0,moderada,0.5333333333333333,5.7,media,0.0,0.0,moderado
11,9,SE velocidade_vento É media E umidade_relativa É alta E vibracao_torre É media ENTÃO risco_fadiga É moderado,16.7,media,0.0,62.0,alta,0.13333333333333333,5.7,media,0.0,0.0,moderado
11,10,SE velocidade_vento É media E umidade_relativa É altissima E vibracao_torre É media ENTÃO risco_fadiga É alto,16.7,media,0.0,62.0,altissima,0.0,5.7,media,0.0,0.0,alto
11,11,SE velocidade_vento É media_alta E umidade_relativa É muito_baixa E vibracao_torre É media ENTÃO risco_fadiga É moderado,16.7,media_alta,0.8250000000000002,62.0,muito_baixa,0.0,5.7,media,0.0,0.0,moderado
11,12,SE velocidade_vento É media_alta E umidade_relativa É baixa E vibracao_torre É media ENTÃO risco_fadiga É moderado,16.7,media_alta,0.8250000000000002,62.0,baixa,0.0,5.7,media,0.0,0.0,moderado
11,13,SE velocidade_vento É media_alta E umidade_relativa É moderada E vibracao_torre É media_alta ENTÃO risco_fadiga É alto,16.7,media_alta,0.8250000000000002,62.0,moderada,0.5333333333333333,5.7,media_alta,0.23999999999999985,0.23298226155299523,alto
11,14,SE velocidade_vento É media_alta E umidade_relativa É alta E vibracao_torre É media_alta ENTÃO risco_fadiga É alto,16.7,media_alta,0.8250000000000002,62.0,alta,0.13333333333333333,5.7,media_alta,0.23999999999999985,0.12145579506738641,alto
11,15,SE velocidade_vento É media_alta E umidade_relativa É altissima E vibracao_torre É media_alta ENTÃO risco_fadiga É altissimo,16.7,media_alta,0.8250000000000002,62.0,altissima,0.0,5.7,media_alta,0.23999999999999985,0.0,altissimo
11,16,SE velocidade_vento É alta E umidade_relativa É muito_baixa E vibracao_torre É media ENTÃO risco_fadiga É moderado,16.7,alta,0.0,62.0,muito_baixa,0.0,5.7,media,0.0,0.0,moderado
11,17,SE velocidade_vento É alta E umidade_relativa É baixa E vibracao_torre É media_alta ENTÃO risco_fadiga É alto,16.7,alta,0.0,62.0,baixa,0.0,5.7,media_alta,0.23999999999999985,0.0,alto
11,18,SE velocidade_vento É alta E umidade_relativa É moderada E vibracao_torre É media_alta ENTÃO risco_fadiga É alto,16.7,alta,0.0,62.0,moderada,0.5333333333333333,5.7,media_alta,0.23999999999999985,0.0,alto
11,19,SE velocidade_vento É alta E umidade_relativa É alta E vibracao_torre É alta ENTÃO risco_fadiga É altissimo,16.7,alta,0.0,62.0,alta,0.13333333333333333,5.7,alta,0.16000000000000014,0.0,altissimo
11,20,SE velocidade_vento É alta E umidade_relativa É altissima E vibracao_torre É alta ENTÃO risco_fadiga É altissimo,16.7,alta,0.0,62.0,altissima,0.0,5.7,alta,0.16000000000000014,0.0,altissimo
11,21,SE velocidade_vento É altissimo E umidade_relativa É muito_baixa E vibracao_torre É media_alta ENTÃO risco_fadiga É alto,16.7,altissimo,0.0,62.0,muito_baixa,0.0,5.7,media_alta,0.23999999999999985,0.0,alto
11,22,SE velocidade_vento É altissimo E umidade_relativa É baixa E vibracao_torre É media_alta ENTÃO risco_fadiga É alto,16.7,altissimo,0.0,62.0,baixa,0.0,5.7,media_alta,0.23999999999999985,0.0,alto
11,23,SE velocidade_vento É altissimo E umidade_relativa É moderada E vibracao_torre É alta ENTÃO risco_fadiga É altissimo,16.7,altissimo,0.0,62.0,moderada,0.5333333333333333,5.7,alta,0.16000000000000014,0.0,altissimo
11,24,SE velocidade_vento É altissimo E umidade_relativa É alta E vibracao_torre É alta ENTÃO risco_fadiga É altissimo,16.7,altissimo,0.0,62.0,alta,0.13333333333333333,5.7,alta,0.16000000000000014,0.0,altissimo
11,25,SE velocidade_vento É altissimo E umidade_relativa É altissima E vibracao_torre É altissimo ENTÃO risco_fadiga É altissimo,16.7,altissimo,0.0,62.0,altissima,0.0,5.7,altissimo,0.0,0.0,altissimo
11,26,SE velocidade_vento É baixa E umidade_relativa É altissima E vibracao_torre É altissimo ENTÃO risco_fadiga É altissimo,16.7,baixa,0.0,62.0,altissima,0.0,5.7,altissimo,0.0,0.0,altissimo
11,27,SE velocidade_vento É media E umidade_relativa É alta E vibracao_torre É altissimo ENTÃO risco_fadiga É altissimo,16.7,media,0.0,62.0,alta,0.13333333333333333,5.7,altissimo,0.0,0.0,altissimo
11,28,SE velocidade_vento É media_alta E umidade_relativa É baixa E vibracao_torre É altissimo ENTÃO risco_fadiga É altissimo,16.7,media_alta,0.8250000000000002,62.0,baixa,0.0,5.7,altissimo,0.0,0.0,altissimo
11,29,SE velocidade_vento É alta E umidade_relativa É muito_baixa E vibracao_torre É altissimo ENTÃO risco_fadiga É altissimo,16.7,alta,0.0,62.0,muito_baixa,0.0,5.7,altissimo,0.0,0.0,altissimo
11,30,SE velocidade_vento É baixa E umidade_relativa É moderada E vibracao_torre É media_alta ENTÃO risco_fadiga É moderado,16.7,baixa,0.0,62.0,moderada,0.5333333333333333,5.7,media_alta,0.23999999999999985,0.0,moderado
12,1,SE velocidade_vento É baixa E umidade_relativa É muito_baixa E vibracao_torre É baixa ENTÃO risco_fadiga É muito_baixo,22.9,baixa,0.0,88.0,muito_baixa,0.0,7.9,baixa,0.0,0.0,muito_baixo
12,2,SE velocidade_vento É baixa E umidade_relativa É baixa E vibracao_torre É baixa ENTÃO risco_fadiga É muito_baixo,22.9,baixa,0.0,88.0,baixa,0.0,7.9,baixa,0.0,0.0,muito_baixo
12,3,SE velocidade_vento É baixa E umidade_relativa É moderada E vibracao_torre É baixa ENTÃO risco_fadiga É baixo,22.9,baixa,0.0,88.0,moderada,0.0,7.9,baixa,0.0,0.0,baixo
12,4,SE velocidade_vento É baixa E umidade_relativa É alta E vibracao_torre É baixa ENTÃO risco_fadiga É baixo,22.9,baixa,0.0,88.0,alta,0.13333333333333333,7.9,baixa,0.0,0.0,baixo
12,5,SE velocidade_vento É baixa E umidade_relativa É altissima E vibracao_torre É baixa ENTÃO risco_fadiga É moderado,22.9,baixa,0.0,88.0,altissima,0.8,7.9,baixa,0.0,0.0,moderado
12,6,SE velocidade_vento É media E umidade_relativa É muito_baixa E vibracao_torre É baixa ENTÃO risco_fadiga É baixo,22.9,media,0.0,88.0,muito_baixa,0.0,7.9,baixa,0.0,0.0,baixo
12,7,SE velocidade_vento É media E umidade_relativa É baixa E vibracao_torre É baixa ENTÃO risco_fadiga É baixo,22.9,media,0.0,88.0,baixa,0.0,7.9,baixa,0.0,0.0,baixo
12,8,SE velocidade_vento É media E umidade_relativa É moderada E vibracao_torre É media ENTÃO risco_fadiga É moderado,22.9,media,0.0,88.0,moderada,0.0,7.9,media,0.0,0.0,moderado
12,9,SE velocidade_vento É media E umidade_relativa É alta E vibracao_torre É media ENTÃO risco_fadiga É moderado,22.9,media,0.0,88.0,alta,0.13333333333333333,7.9,media,0.0,0.0,moderado
12,10,SE velocidade_vento É media E umidade_relativa É altissima E vibracao_torre É media ENTÃO risco_fadiga É alto,22.9,media,0.0,88.0,altissima,0.8,7.9,media,0.0,0.0,alto
12,11,SE velocidade_vento É media_alta E umidade_relativa É muito_baixa E vibracao_torre É media ENTÃO risco_fadiga É moderado,22.9,media_alta,0.0,88.0,muito_baixa,0.0,7.9,media,0.0,0.0,moderado
12,12,SE velocidade_vento É media_alta E umidade_relativa É baixa E vibracao_torre É media ENTÃO risco_fadiga É moderado,22.9,media_alta,0.0,88.0,baixa,0.0,7.9,media,0.0,0.0,moderado
12,13,SE velocidade_vento É media_alta E umidade_relativa É moderada E vibracao_torre É media_alta ENTÃO risco_fadiga É alto,22.9,media_alta,0.0,88.0,moderada,0.0,7.9,media_alta,0.0,0.0,alto
12,14,SE velocidade_vento É media_alta E umidade_relativa É alta E vibracao_torre É media_alta ENTÃO risco_fadiga É alto,22.9,media_alta,0.0,88.0,alta,0.13333333333333333,7.9,media_alta,0.0,0.0,alto
12,15,SE velocidade_vento É media_alta E umidade_relativa É altissima E vibracao_torre É media_alta ENTÃO risco_fadiga É altissimo,22.9,media_alta,0.0,88.0,altissima,0.8,7.9,media_alta,0.0,0.0,altissimo
12,16,SE velocidade_vento É alta E umidade_relativa É muito_baixa E vibracao_torre É media ENTÃO risco_fadiga É moderado,22.9,alta,0.6000000000000004,88.0,muito_baixa,0.0,7.9,media,0.0,0.0,moderado
12,17,SE velocidade_vento É alta E umidade_relativa É baixa E vibracao_torre É media_alta ENTÃO risco_fadiga É alto,22.9,alta,0.6000000000000004,88.0,baixa,0.0,7.9,media_alta,0.0,0.0,alto
12,18,SE velocidade_vento É alta E umidade_relativa É moderada E vibracao_torre É media_alta ENTÃO risco_fadiga É alto,22.9,alta,0.6000000000000004,88.0,moderada,0.0,7.9,media_alta,0.0,0.0,alto
12,19,SE velocidade_vento É alta E umidade_relativa É alta E vibracao_torre É alta ENTÃO risco_fadiga É altissimo,22.9,alta,0.6000000000000004,88.0,alta,0.13333333333333333,7.9,alta,0.07999999999999971,0.07029058401415438,altissimo
12,20,SE velocidade_vento É alta E umidade_relativa É altissima E vibracao_torre É alta ENTÃO risco_fadiga É altissimo,22.9,alta,0.6000000000000004,88.0,altissima,0.8,7.9,alta,0.07999999999999971,0.079859319942853,altissimo
12,21,SE velocidade_vento É altissimo E umidade_relativa É muito_baixa E vibracao_torre É media_alta ENTÃO risco_fadiga É alto,22.9,altissimo,0.11249999999999982,88.0,muito_baixa,0.0,7.9,media_alta,0.0,0.0,alto
12,22,SE velocidade_vento É altissimo E umidade_relativa É baixa E vibracao_torre É media_alta ENTÃO risco_fadiga É alto,22.9,altissimo,0.11249999999999982,88.0,baixa,0.0,7.9,media_alta,0.0,0.0,alto
12,23,SE velocidade_vento É altissimo E umidade_relativa É moderada E vibracao_torre É alta ENTÃO risco_fadiga É altissimo,22.9,altissimo,0.11249999999999982,88.0,moderada,0.0,7.9,alta,0.07999999999999971,0.0,altissimo
12,24,SE velocidade_vento É altissimo E umidade_relativa É alta E vibracao_torre É alta ENTÃO risco_fadiga É altissimo,22.9,altissimo,0.11249999999999982,88.0,alta,0.13333333333333333,7.9,alta,0.07999999999999971,0.06102703221470535,altissimo
12,25,SE velocidade_vento É altissimo E umidade_relativa É altissima E vibracao_torre É altissimo ENTÃO risco_fadiga É altissimo,22.9,altissimo,0.11249999999999982,88.0,altissima,0.8,7.9,altissimo,0.20000000000000018,0.10153765536918014,altissimo
12,26,SE velocidade_vento É baixa E umidade_relativa É altissima E vibracao_torre É altissimo ENTÃO risco_fadiga É altissimo,22.9,baixa,0.0,88.0,altissima,0.8,7.9,altissimo,0.20000000000000018,0.0,altissimo
12,27,SE velocidade_vento É media E umidade_relativa É alta E vibracao_torre É altissimo ENTÃO risco_fadiga É altissimo,22.9,media,0.0,88.0,alta,0.13333333333333333,7.9,altissimo,0.20000000000000018,0.0,altissimo
12,28,SE velocidade_vento É media_alta E umidade_relativa É baixa E vibracao_torre É altissimo ENTÃO risco_fadiga É altissimo,22.9,media_alta,0.0,88.0,baixa,0.0,7.9,altissimo,0.20000000000000018,0.0,altissimo
12,29,SE velocidade_vento É alta E umidade_relativa É muito_baixa E vibracao_torre É altissimo ENTÃO risco_fadiga É altissimo,22.9,alta,0.6000000000000004,88.0,muito_baixa,0.0,7.9,altissimo,0.20000000000000018,0.0,altissimo
12,30,SE velocidade_vento É baixa E umidade_relativa É moderada E vibracao_torre É media_alta ENTÃO risco_fadiga É moderado,22.9,baixa,0.0,88.0,moderada,0.0,7.9,media_alta,0.0,0.0,moderado
